send_rate,message_size,start_time,end_time,duration
10,100,1728144757.2020185,1728144758.4473681,1.245349645614624
50,100,1728144763.4621425,1728144764.706493,1.2443504333496094
100,100,1728144769.7210548,1728144770.9678125,1.2467577457427979
125,100,1728144775.9821825,1728144777.2277908,1.2456083297729492
150,100,1728144782.2420611,1728144783.4877396,1.245678424835205
175,100,1728144788.5020168,1728144789.81528,1.313263177871704
200,100,1728144794.8368964,1728144796.1010478,1.2641513347625732
225,100,1728144801.1149166,1728144802.3521602,1.23724365234375
250,100,1728144807.3660536,1728144808.6111188,1.2450652122497559
